station,lon,lat
EET,-86.78,33.18
8A0,-86.2558,34.2291
ALX,-85.963,32.9147
79J,-86.3938,31.3088
ANB,-85.8581,33.5882
AUO,-85.434,32.6151
AUB,-85.5,32.6
1R8,-87.8193,30.8703
EKY,-86.9263,33.3126
BHM,-86.7449,33.5655
OZR,-85.7134,31.2758
9A4,-87.3488,34.6594
CMD,-86.858,34.2687
3A1,-86.86,34.27
DCU,-86.9453,34.6525
DYA,-87.9541,32.4638
DHN,-85.45,31.32
EDN,-85.9048,31.2982
EUF,-85.1289,31.9513
GZH,-87.0441,31.4158
CQF,-87.877,30.4605
4R4,-87.877,30.4605
0J4,-86.3116,31.0425
NBJ,-87.6353,30.3891
4A9,-85.7214,34.4737
HEY,-85.6543,31.346
GAD,-86.0891,33.9726
PRN,-86.6108,31.8457
JKA,-87.6718,30.2905
1M4,-87.6004,34.2803
HDL,-85.3125,31.3641
0J6,-85.3117,31.3641
HSV,-86.7861,34.6439
MDQ,-86.56,34.86
LOR,-85.7511,31.3558
JFX,-87.3142,33.902
A08,-87.3848,32.5105
MXF,-86.3658,32.3829
MOB,-88.2456,30.6883
BFM,-88.0681,30.6268
MGM,-86.394,32.3006
MSL,-87.5996,34.7438
PLR,-86.2491,33.5588
RAM,-88.0833,29.05
1A9,-86.5127,32.4387
HUA,-86.6848,34.6786
4A6,-86.0059,34.6887
SEM,-86.9878,32.3439
SXS,-85.8549,31.3612
SCD,-86.3055,33.1718
ASN,-86.0512,33.5695
TOI,-86.0121,31.8604
TCL,-87.6161,33.2119
ADF,-93.0661,34.0998
M89,-93.0661,34.0998
BVX,-91.6472,35.7261
SUZ,-92.4794,34.5904
VBT,-94.2194,36.3457
HKA,-89.83,35.94
CDH,-92.7634,33.6228
CCA,-92.4516,35.5978
CXW,-92.5551,35.0199
4M9,-90.6479,36.4042
BYH,-89.9439,35.9643
ELD,-92.8133,33.221
FYV,-94.1701,36.0051
FLP,-92.5902,36.2909
FSM,-94.3674,35.3366
HRO,-93.1547,36.2615
HOT,-93.0962,34.478
DEQ,-94.3994,34.047
JBR,-90.6464,35.8317
LIT,-92.2357,34.7273
LRF,-92.1465,34.9168
AGO,-93.217,33.228
MEZ,-94.2026,34.5454
LLQ,-91.75,33.64
BPK,-92.47,36.37
MWT,-93.5781,34.5467
M19,-91.1764,35.6377
ORK,-92.2541,34.8331
LZK,-92.2594,34.835
XNA,-94.307,36.282
PBF,-91.9347,34.175
ROG,-94.107,36.3724
RUE,-93.0947,35.2578
SRC,-91.74,35.21
SLG,-94.49,36.1919
ASG,-94.1193,36.1764
SGT,-91.575,34.5995
TXK,-93.991,33.4537
ARG,-90.9251,36.1247
AWM,-90.2344,35.1351
BDR,-73.1289,41.1583
SNC,-72.5059,41.3839
DXR,-73.48,41.37
GON,-72.05,41.33
BDL,-72.6825,41.9381
HFD,-72.6494,41.7367
MMK,-72.83,41.51
HVN,-72.8868,41.2638
OXC,-73.1354,41.4741
IJD,-72.1836,41.7419
33N,-75.6005,39.2187
DOV,-75.466,39.1295
GED,-75.3589,38.6892
ILG,-75.6008,39.6728
AAF,-85.0274,29.7276
BOW,-81.7834,27.9434
BCT,-80.11,26.38
BKV,-82.4554,28.4736
FIN,-81.2087,29.4657
XMR,-80.5668,28.4677
VSH,-85.598,30.7799
NFJ,-86.9597,30.5069
CLW,-82.7563,27.9742
2IS,-81.0468,26.7339
CEW,-86.52,30.78
CTY,-83.1048,29.6355
CGC,-82.5713,28.8673
DAB,-81.0581,29.1799
54J,-86.1538,30.7311
DED,-81.2838,29.067
DTS,-86.4674,30.3934
EGI,-86.5229,30.6503
VPS,-86.5254,30.4832
FHB,-81.4612,30.6118
FXE,-80.17,26.2
FMY,-81.8614,26.585
FLL,-80.15,26.07
RSW,-81.7567,26.5381
FPR,-80.3767,27.4981
GNV,-82.276,29.6917
HWO,-80.2412,25.9996
HST,-80.3837,25.4884
HRT,-86.6893,30.4278
IMM,-81.401,26.4332
INF,-82.3182,28.8036
X40,-82.3179,28.8063
CRG,-81.5147,30.3361
JAX,-81.6879,30.4941
NIP,-81.6747,30.2342
VQQ,-81.8767,30.2187
NEN,-81.867,30.3495
42J,-82.0475,29.8448
EYW,-81.7596,24.5561
NQX,-81.6888,24.5757
ISM,-81.44,28.29
LCQ,-82.5769,30.1821
LAL,-82.0186,27.9889
X07,-81.6167,27.8934
LNA,-80.0848,26.5925
LEE,-81.81,28.82
24J,-83.0247,30.3001
MCF,-82.52,27.85
MTH,-81.0514,24.7262
MKY,-81.6725,25.995
MAI,-85.1839,30.8356
NRB,-81.4245,30.3914
MLB,-80.6453,28.1028
MIA,-80.3169,25.788
TMB,-80.4347,25.6423
OPF,-80.2828,25.9102
NDZ,-87.0231,30.7044
APF,-81.7753,26.1525
TTS,-80.6944,28.6149
EVB,-80.9489,29.0557
OCF,-82.221,29.1636
OBE,-80.8498,27.2628
ORL,-81.3329,28.5455
MCO,-81.309,28.4294
OMN,-81.1136,29.3006
28J,-81.6889,29.6586
XFL,-81.2063,29.4674
ECP,-85.7956,30.3582
PFN,-85.6828,30.2121
TDR,-85.5765,30.07
COF,-80.61,28.235
NPA,-87.318,30.3533
PNS,-87.1869,30.4781
FPY,-83.5815,30.0708
40J,-83.5736,30.0719
PCM,-82.1642,28.0002
PMP,-80.111,26.2464
PGD,-81.9914,26.9172
2J9,-84.5574,30.5979
SPG,-82.627,27.7651
PIE,-82.6874,27.91
SFB,-81.2436,28.7797
SRQ,-82.5586,27.4014
SEF,-81.3416,27.4547
SGJ,-81.3397,29.9592
TLH,-84.3514,30.3935
TPA,-82.5403,27.9619
TPF,-82.4493,27.9156
VVG,-81.9698,28.9446
TIX,-80.7992,28.5148
1J0,-85.6014,30.8458
BCR,-85.6017,30.8438
PAM,-85.5754,30.0696
X26,-80.4959,27.8126
VDF,-82.3453,28.014
VNC,-82.4403,27.0716
VRB,-80.4179,27.6556
F45,-80.2223,26.8459
PBI,-80.0994,26.6847
NSE,-87.0219,30.7242
X60,-82.4719,29.3557
GIF,-81.7533,28.0629
SUA,-80.22,27.18
ZPH,-82.1559,28.2281
ABY,-84.1945,31.5355
AMG,-82.5066,31.5361
ACJ,-84.1889,32.1108
AHN,-83.3264,33.9486
PDK,-84.302,33.8756
FTY,-84.52,33.78
ATL,-84.4418,33.6301
DNL,-82.0382,33.4669
AGS,-81.9645,33.3699
BGE,-84.6369,30.9716
BHC,-82.3938,31.7138
DZJ,-83.9973,34.8544
BIJ,-84.8948,31.3975
BQK,-81.4665,31.2588
SSI,-81.3908,31.1522
6A1,-84.2507,32.5674
CZL,-84.9392,34.4554
CXU,-84.2352,31.2132
18A,-83.1308,34.3404
47A,-84.4239,34.3106
CTJ,-85.1523,33.6317
VPC,-84.8487,34.1232
CNI,-84.4239,34.3106
CWV,-81.8696,32.1951
48A,-83.2759,32.3994
CSG,-84.9422,32.5161
CKF,-83.7739,31.9888
AJR,-83.5567,34.4998
9A1,-83.8496,33.6325
CVC,-83.8474,33.6323
PUJ,-84.9406,33.912
DNN,-84.87,34.72
MGE,-84.5163,33.9153
17J,-84.8776,31.007
DQH,-82.8606,31.4767
DBN,-82.9853,32.5644
EZM,-83.1287,32.2164
EBA,-82.8175,34.0954
27A,-82.8159,34.0952
49A,-84.5271,34.6301
FZG,-83.2709,31.6839
LSF,-84.9913,32.3373
LHW,-81.5623,31.8891
GVL,-83.8303,34.2719
3J7,-83.139,33.5977
4A7,-84.3324,33.3891
HMP,-84.331,33.3899
AZE,-82.6474,31.8847
HOE,-82.7741,31.0559
SVN,-81.146,32.01
19A,-83.5616,34.1759
JZP,-84.4572,34.4535
JCA,-83.5583,34.1739
JES,-81.8825,31.554
9A5,-85.2903,34.6885
LGC,-85.0726,33.0089
LZU,-83.9624,33.9781
2J3,-82.3857,32.9865
MCN,-83.6492,32.6928
RYY,-84.5986,34.0131
MQW,-82.8794,32.0969
MHP,-82.081,32.3739
MLJ,-83.2407,33.1542
2J5,-81.9654,32.8935
D73,-83.6928,33.7825
VAD,-83.193,30.9678
MGR,-83.8032,31.0849
MUL,-83.7041,31.1377
CCO,-84.77,33.31
FFC,-84.5669,33.3553
PXE,-83.7673,32.5106
PIM,-84.8824,32.8407
RVJ,-82.1536,32.0595
RMG,-85.1611,34.3478
OKZ,-82.8382,32.9667
SAV,-81.2021,32.1276
6A2,-84.2749,33.227
TBR,-81.7369,32.4827
SBO,-82.3699,32.6091
JYL,-81.5971,32.6453
OPN,-84.2594,32.954
TVI,-83.8811,30.9018
HQU,-82.5164,33.5297
TMA,-83.4885,31.429
TOC,-83.2964,34.5928
VLD,-83.2767,30.7825
VDI,-82.37,32.19
WRB,-83.5918,32.6401
IIY,-82.8158,33.7794
AYS,-82.3955,31.2491
WDR,-83.6674,33.9829
AXA,-94.2724,43.0796
AMW,-93.6185,41.9904
IKV,-93.5695,41.6878
AIO,-95.0465,41.4059
ADU,-94.9204,41.6994
BNW,-93.8486,42.0486
BRL,-91.1255,40.7729
CIN,-94.7889,42.0444
CID,-91.7246,41.8829
TVK,-92.8983,40.6832
CNC,-93.3608,41.0184
CCY,-92.6132,43.073
CKP,-95.5538,42.7304
ICL,-95.0223,40.7242
CAV,-93.7593,42.743
CWI,-90.3328,41.8295
CBF,-95.7604,41.2611
CSQ,-94.3608,41.0188
DEH,-91.7433,43.2755
DNS,-95.38,41.9842
DSM,-93.6531,41.534
DBQ,-90.7091,42.3984
EST,-94.7476,43.4008
FFL,-91.9834,41.0521
FXY,-93.6237,43.2323
FOD,-94.2032,42.5497
FSW,-91.3267,40.6615
GGI,-92.7332,41.7097
HPT,-93.2244,42.7175
HNR,-95.3355,41.5834
IIB,-91.9504,42.4544
IOW,-91.5445,41.6394
IFA,-93.2651,42.4691
EOK,-91.4274,40.4615
OXV,-93.1114,41.2984
LWD,-93.9005,40.6306
LRJ,-96.1922,42.7754
MIW,-92.9163,42.1106
MCW,-93.3261,43.1544
MXO,-91.1605,42.2204
MPZ,-91.5122,40.9453
MUT,-91.1406,41.367
TNU,-93.019,41.6701
OLZ,-91.976,42.6831
ORC,-96.0606,42.9895
I75,-93.6876,41.0472
OOA,-92.4919,41.2273
OTM,-92.4446,41.1008
PEA,-92.9431,41.3989
PRO,-94.1637,41.8278
DVN,-90.5948,41.6133
RDK,-95.2624,41.0106
SHL,-95.8353,43.2082
SDA,-95.4112,40.7533
SUX,-96.3795,42.3917
SXK,-96.1614,42.9858
SPW,-95.2101,43.1682
SLB,-95.2399,42.5972
VTI,-92.0248,42.2176
AWG,-91.6748,41.2751
ALO,-92.4013,42.5544
EBS,-93.8691,42.4392
ALN,-90.046,38.8899
BMI,-88.9159,40.4771
CPS,-90.1562,38.5707
CIR,-89.2196,37.0647
MDH,-89.25,37.78
CUL,-88.1231,38.0895
ENL,-89.0911,38.5151
CMI,-88.2778,40.0388
MDW,-87.7524,41.786
ARR,-88.48,41.77
DPA,-88.2486,41.9078
IGQ,-87.5295,41.5349
CGX,-87.6079,41.8588
ORD,-87.9319,41.9875
06C,-88.1012,41.9893
DNV,-87.5955,40.1997
DEC,-88.8657,39.8346
DKB,-88.7057,41.9338
1H2,-88.5335,39.0704
FWC,-88.4126,38.3786
FOA,-88.4531,38.665
FEP,-89.582,42.2462
GBG,-90.4311,40.938
HSB,-88.5503,37.8113
IJX,-90.2383,39.7746
JOT,-88.1756,41.5177
IKK,-87.8463,41.0714
C75,-89.3864,41.0193
LWV,-87.6055,38.7643
AAA,-89.335,40.1587
3LF,-89.6746,39.1625
MQB,-90.65,40.52
MWA,-89.0111,37.755
MTO,-88.2792,39.4779
M30,-88.7506,37.1859
MLI,-90.5075,41.4485
C09,-88.4186,41.4253
AJG,-87.7267,38.6065
I63,-90.8042,39.9875
MVN,-88.8583,38.3233
OLY,-88.1764,38.7218
PWK,-87.9047,42.1208
PRG,-87.67,39.7
PIA,-89.6839,40.6675
VYS,-89.1531,41.3519
PPQ,-90.7784,39.6389
PNT,-88.6239,40.9244
UIN,-91.1946,39.9428
TIP,-88.1424,40.2936
RSV,-87.6498,39.016
RPJ,-89.0783,41.893
RFD,-89.093,42.1927
LOT,-88.0962,41.6081
SLO,-88.9642,38.6429
SFY,-90.1079,42.0458
BLV,-89.8352,38.5452
SAR,-89.7,38.15
SPI,-89.6839,39.8447
SQI,-89.6763,41.7428
TAZ,-89.3278,39.5342
UGN,-87.8679,42.4222
AID,-85.613,40.1086
ANQ,-85.0835,41.6397
GWB,-85.0644,41.3072
HLB,-85.2583,39.3445
BMG,-86.6167,39.146
BAK,-85.8963,39.2619
CFJ,-86.9199,39.9756
DCY,-87.1297,38.7004
EKM,-86.0,41.72
EVV,-87.5205,38.0441
FWA,-85.1871,40.978
FKR,-86.5622,40.2734
FRH,-86.6369,38.5062
GYY,-87.4128,41.6163
GSH,-85.7922,41.5272
4I7,-86.8138,39.6336
GPC,-86.8155,39.6354
GUS,-86.1521,40.6481
HBE,-86.0305,39.3417
HNB,-86.95,38.25
HHG,-85.4571,40.8529
IND,-86.3048,39.7084
EYE,-86.2958,39.825
TYQ,-86.2514,40.0306
HFY,-86.088,39.6276
MQJ,-85.8971,39.8435
UMP,-86.045,39.935
JVY,-85.7382,38.3654
C62,-85.2541,41.4739
OXI,-86.6648,41.3302
OKK,-86.059,40.5282
LAF,-86.9333,40.4148
PPO,-86.7345,41.5725
GGP,-86.3727,40.7113
IMS,-85.4655,38.7589
MZZ,-85.6797,40.4899
MGC,-86.8212,41.7033
MCX,-86.7668,40.7088
MIE,-85.3958,40.2425
1II,-86.0305,39.3417
C65,-86.3005,41.3651
PLD,-84.9901,40.4508
RZL,-87.1826,40.9479
RID,-84.8428,39.7572
RCR,-86.1817,41.0655
GEZ,-85.8048,39.5831
SBN,-86.3164,41.7072
HUF,-87.3076,39.4515
VPZ,-87.0071,41.454
ASW,-85.8401,41.2747
ADT,-101.042,39.8401
3AU,-97.0779,37.6716
1K1,-97.1132,37.7744
UKL,-95.725,38.3025
CNU,-95.4842,37.6703
CFV,-95.5719,37.094
CBK,-101.0466,39.4274
3K8,-99.3309,37.2281
CNK,-97.65,39.55
DDC,-99.9654,37.7631
EQA,-96.8176,37.7741
EHA,-101.88,37.0008
EMP,-96.1897,38.3306
13K,-96.2929,37.8519
FLV,-94.9147,39.3683
FRI,-96.7645,39.0526
FSK,-94.7694,37.7984
GCK,-100.7244,37.9275
GLD,-101.6933,39.3672
GBD,-98.8592,38.3442
HYS,-99.2732,38.8422
HLC,-99.8297,39.3756
HQG,-101.3705,37.1631
HUT,-97.8606,38.0655
IDP,-95.7784,37.1584
K88,-95.3869,37.8682
JHN,-101.7304,37.5782
36K,-101.2554,37.9695
LWC,-95.2115,39.0077
LBL,-100.9599,37.0442
LYO,-98.2286,38.3403
MHK,-96.6778,39.1353
MYZ,-96.6306,39.8553
IAB,-97.2673,37.623
MPR,-97.6913,38.3524
P28,-98.5528,37.2839
EWK,-97.2745,38.0582
NRN,-99.8947,39.8504
OEL,-100.8166,39.1017
OIN,-100.5393,39.8339
IXD,-94.8903,38.8309
OJC,-94.7392,38.85
OWI,-95.2542,38.5409
PPF,-95.5042,37.3278
PHG,-99.3171,39.7358
PTS,-94.7311,37.4495
PTT,-98.7469,37.7016
RSL,-98.8118,38.8721
SLN,-97.6522,38.791
TQK,-100.8822,38.4782
K82,-98.7934,39.7611
SYF,-101.7959,39.7611
19S,-100.8329,37.4969
3K3,-101.7463,37.9917
FOE,-95.6636,38.9509
TOP,-95.62,39.07
ULS,-101.3736,37.604
EGT,-97.3883,37.325
ICT,-97.43,37.65
AAO,-97.22,37.75
BEC,-97.215,37.6945
WLD,-97.0369,37.1681
DWU,-82.738,38.5545
BRY,-85.4996,37.8143
SJS,-82.6367,37.751
BWG,-86.4197,36.9645
FFT,-84.9033,38.1847
CVG,-84.6717,39.0431
DVK,-84.7697,37.5779
EKX,-85.925,37.686
K62,-84.3918,38.7041
SYM,-83.5874,38.215
FGX,-83.7434,38.5418
HOP,-87.4962,36.6686
FTK,-85.9721,37.9071
27K,-84.4347,38.2344
GLW,-85.9538,37.0318
M21,-87.1564,37.2262
KY8,-86.8592,37.953
I35,-83.3585,36.8593
EHR,-87.6857,37.8078
JKL,-83.3144,37.5914
6I2,-85.2418,37.6352
LEX,-84.6058,38.0408
LOZ,-84.077,37.087
LOU,-85.6637,38.228
SDF,-85.736,38.1744
2I0,-87.3982,37.3559
5M9,-88.1097,37.3363
M25,-88.5847,36.7691
1A6,-83.7374,36.6106
EKQ,-84.8561,36.8553
IOB,-83.9829,38.0575
CEY,-88.3728,36.6646
OWB,-87.1668,37.7388
PAH,-88.7744,37.0563
PBX,-82.5674,37.5587
K22,-82.6367,37.751
I39,-84.3323,37.6308
RGA,-84.3324,37.6315
SME,-84.6156,37.0536
TWT,-87.9518,37.5408
AAS,-85.3151,37.3569
CPF,-83.2616,37.3874
BYL,-84.1995,36.795
IYA,-92.0842,29.9758
0R3,-92.0842,29.9758
ESF,-92.2827,31.3963
AEX,-92.5586,31.3347
7R3,-91.0986,29.6931
ATP,-90.0269,27.1956
AUD,-90.1299,29.917
BAD,-93.6626,32.5019
BQP,-91.8806,32.7561
BTR,-91.1469,30.5372
WBF,-90.5,26.93
BXA,-89.865,30.8137
BVE,-89.4075,29.3333
1B7,-89.4333,29.35
LNQ,-89.438,29.364
CVW,-93.3,29.784
7R5,-93.3,29.7833
CWF,-93.1432,30.2106
5R8,-93.4736,30.4411
DRI,-93.34,30.83
EHC,-92.878,28.429
CMB,-92.9792,29.4406
EIR,-91.489,28.634
3B6,-91.68,28.22
POE,-93.1916,31.0448
9F2,-90.2,29.1
BKB,-92.9781,31.0964
GAO,-90.2611,29.4448
2GL,-90.288,29.409
AGI,-92.44,27.546
SQE,-90.819,28.083
REG,-90.9333,30.1667
L38,-90.9406,30.1727
3L4,-92.804,29.8
AXO,-89.9667,29.25
XCN,-91.5167,27.7667
GRY,-90.441,27.625
HDC,-90.42,30.52
XIH,-94.521,29.18
H08,-93.7333,28.4667
HUM,-90.6604,29.5665
IPN,-87.9858,28.085
7R4,-92.13,29.78
3R7,-92.6735,30.2427
LFT,-91.9896,30.1986
LCH,-93.2277,30.1255
T41,-95.0641,29.6692
GBK,-92.2025,27.2039
3F3,-93.764,32.0717
MNE,-93.2981,32.646
F24,-93.2981,32.646
CYD,-89.2167,28.1667
MDJ,-89.7942,28.6425
DSF,-88.2667,28.35
GLX,-88.99,28.23
MLU,-92.0377,32.5109
IER,-93.0991,31.7357
ARA,-91.8845,30.0292
7N0,-90.0827,29.9527
NEW,-90.0282,30.0424
MSY,-90.2511,29.9933
NBG,-90.035,29.8253
HZR,-91.4787,30.7183
ACP,-92.69,30.75
H78,-88.48,28.18
4C0,-93.18,29.78
OPL,-92.0994,30.5584
PTN,-91.339,29.7096
AQV,-93.1761,31.3569
QT8,-92.43,27.53
QT9,-90.63,27.78
XPY,-90.202,29.123
APS,-90.5842,30.086
RSN,-92.5883,32.5144
VBS,-93.6383,29.4783
GHB,-91.99,27.84
P92,-91.525,29.559
DNK,-93.1533,31.1106
GSM,-90.9833,28.5333
SPR,-91.206,28.599
DTN,-93.745,32.5402
SHV,-93.8244,32.4472
ASD,-89.8222,30.3433
SCF,-91.8711,29.1158
7R8,-91.9833,28.3
SRN,-91.8667,29.1167
STZ,-90.666,28.16
S58,-90.5833,28.5333
UXL,-93.3761,30.1314
VNP,-92.368,29.467
VQT,-92.264,28.27
TVR,-91.0299,32.3481
0R4,-91.5065,31.562
VOA,-87.781,29.229
W60,-93.35,29.15
BVY,-70.9161,42.5841
BOS,-71.0097,42.3606
CQX,-69.9933,41.6875
CEF,-72.5348,42.194
MQE,-71.1142,42.2121
FIT,-71.7558,42.5519
BED,-71.289,42.47
HYA,-70.28,41.67
LWM,-71.1234,42.7172
GHG,-70.6721,42.0982
MVY,-70.615,41.3931
ACK,-70.0603,41.2531
EWB,-70.9583,41.6764
AQW,-73.1702,42.6962
OWD,-71.1733,42.1912
ORE,-72.2886,42.5701
FMH,-70.5215,41.6585
PSF,-73.2892,42.4272
PYM,-70.7288,41.909
PVC,-70.22,42.07
TAN,-71.0211,41.8756
BAF,-72.7161,42.1578
ORH,-71.8757,42.2673
ADW,-76.867,38.8108
NAK,-76.4891,38.9913
DMH,-76.61,39.28
MTN,-76.4138,39.3257
BWI,-76.6683,39.1754
CGE,-76.0304,38.5393
RSP,-77.468,39.645
CGS,-76.9223,38.9806
CBE,-78.7609,39.6154
ESN,-76.069,38.8042
FME,-76.7594,39.0854
FDK,-77.3743,39.4176
GAI,-77.166,39.1683
HGR,-77.7297,39.7078
2W6,-76.5501,38.3154
2G4,-79.3394,39.5803
OXB,-75.1239,38.3083
NHK,-76.4118,38.286
APG,-76.1688,39.4662
RJD,-75.8663,38.9701
SBY,-75.5103,38.3405
W29,-76.3296,38.9764
NUI,-76.4285,38.146
DMW,-77.0077,39.6083
LEW,-70.2835,44.0485
AUG,-69.8,44.32
BGR,-68.8281,44.8074
BHB,-68.3616,44.4498
NHZ,-69.9386,43.8922
CAR,-68.02,46.87
40B,-69.531,46.609
EPM,-67.0127,44.9101
FVE,-68.3127,47.2855
IZG,-70.9479,43.9911
GNR,-69.5953,45.4622
HUL,-67.7921,46.1231
MLT,-68.6856,45.6478
OLD,-68.6743,44.9525
PWM,-70.3044,43.6424
PQI,-68.0448,46.689
8B0,-70.6646,44.9919
RKD,-69.0993,44.0601
SFM,-70.708,43.3939
WVL,-69.6755,44.5332
IWI,-69.7126,43.9614
ADG,-84.0773,41.8677
AMN,-84.6879,43.3221
APN,-83.5644,45.0717
ARB,-83.7397,42.224
BAX,-82.9854,43.7802
BTL,-85.2515,42.3073
SJX,-85.5666,45.6923
ACB,-85.1984,44.9886
BEH,-86.4285,42.1286
RQB,-85.5041,43.7226
CAD,-85.4189,44.2753
CFS,-83.4454,43.4588
CVX,-85.2747,45.3047
FPK,-84.8114,42.5745
SLH,-84.5193,45.6537
CIU,-84.47,46.25
OEB,-85.0525,41.9333
P59,-87.875,47.4669
DET,-83.0099,42.4092
ONZ,-83.1615,42.0991
DTW,-83.33,42.23
YIP,-83.5304,42.2379
DRM,-83.7439,46.0093
ESC,-87.0937,45.7227
FNT,-83.7494,42.9667
FKS,-86.2008,44.6252
FFX,-85.9949,43.4393
GLR,-84.7036,45.0135
GRR,-85.52,42.88
GOV,-84.73,44.68
SAW,-87.3954,46.3536
CMX,-88.4891,47.1684
MGN,-84.9134,45.4256
JYM,-84.5858,41.9213
BIV,-86.0967,42.7461
HTL,-84.6711,44.3598
OZW,-83.9822,42.6294
Y70,-85.0606,42.938
IMT,-88.1146,45.8184
IWD,-90.1314,46.5275
JXN,-84.4594,42.2598
AZO,-85.5519,42.2347
DUH,-83.6553,41.7358
LAN,-84.58,42.78
D95,-83.2723,43.0666
LDM,-86.4079,43.9625
MCD,-84.6372,45.865
MBL,-86.2469,44.2725
ISQ,-86.1718,45.9746
P75,-86.23,45.95
RMY,-84.9554,42.2512
TEW,-84.4232,42.5658
MNM,-87.6384,45.1266
IKW,-84.2613,43.6629
TTF,-83.4347,41.9399
MOP,-84.7372,43.6217
P53,-86.6508,46.4119
MKG,-86.2367,43.1711
ERY,-85.4572,46.3111
OSC,-83.3942,44.4515
RNP,-84.1389,42.9929
PLN,-84.7967,45.5709
PTK,-83.4201,42.6655
P58,-82.7931,44.0219
PHN,-82.5289,42.911
PZQ,-83.8129,45.4071
MBS,-84.08,43.53
HYX,-83.8623,43.4334
ANJ,-84.3684,46.4792
MTC,-82.8355,42.6083
LWA,-86.2561,42.3508
IRS,-85.4389,41.8133
HAI,-85.5934,41.9598
TVC,-85.5824,44.7416
VLL,-83.1779,42.5429
Y31,-84.1798,44.2448
AIT,-93.6768,46.5484
AEL,-93.3672,43.6815
AXN,-95.3947,45.8663
AQP,-96.0043,45.2275
AUM,-92.9333,43.6647
BDE,-94.6122,48.7284
BJI,-94.9337,47.5094
BBB,-95.6506,45.3319
FOZ,-93.6502,47.7828
BRD,-94.1308,46.4047
CFE,-93.8433,45.159
CBG,-93.2642,45.5575
CNB,-96.266,44.7295
COQ,-92.5036,46.7011
CQM,-92.6894,47.8219
CDD,-92.483,48.266
CKN,-96.6214,47.8417
DTL,-95.8856,46.8252
TOB,-92.8315,44.018
DLH,-92.1936,46.8421
DYT,-92.0434,46.7219
Y63,-95.992,45.9861
ELO,-91.8371,47.8287
EVM,-92.4981,47.4251
FRM,-94.4156,43.6439
FBL,-93.3108,44.3247
FFM,-96.1567,46.2844
FGN,-94.9028,49.3183
FSE,-95.7735,47.5928
GYL,-94.0812,44.756
GHW,-95.3204,45.6439
GNA,-90.3457,47.7453
CKC,-90.3829,47.8383
GPZ,-93.5097,47.2111
GDB,-95.556,44.7533
HCO,-96.943,48.7527
HIB,-92.839,47.3866
04W,-92.8952,46.0229
HCD,-94.3825,44.8599
INL,-93.3956,48.5595
MJQ,-94.9866,43.65
LJF,-94.5072,45.0971
LXL,-94.3469,45.9492
14Y,-94.8739,45.8983
XVG,-94.2039,46.99
LYV,-96.2158,43.6212
DXX,-96.1779,44.9864
3N8,-95.9281,47.2605
MKT,-93.92,44.22
MGG,-93.9856,45.236
MML,-95.82,44.45
HZX,-93.3098,46.6188
ANE,-93.2102,45.1449
MSP,-93.2313,44.8854
MIC,-93.3511,45.0622
FCM,-93.4607,44.8261
LVN,-93.2273,44.6252
MVE,-95.7102,44.969
JKJ,-96.664,46.8393
MZH,-92.8048,46.4186
JMR,-93.2718,45.8861
MOX,-95.9672,45.566
ULM,-94.5,44.32
OVL,-95.0328,44.7786
ORB,-92.856,48.0159
VVV,-96.4244,45.3057
OWA,-93.2606,44.1233
PKD,-95.07,46.9
PEX,-94.7466,45.3723
PWC,-94.3817,46.7248
PQN,-96.3004,43.9821
FKA,-92.1797,43.6767
PNM,-93.6082,45.5599
RYM,-94.3575,46.0895
RGK,-92.4868,44.5915
RWF,-95.082,44.5469
RST,-92.4916,43.9041
9MN,-92.4831,44.0198
ROX,-95.6971,48.856
ROS,-92.953,45.698
D39,-94.9334,45.7066
BFW,-91.4098,47.2521
DVP,-95.7826,43.9868
SGS,-93.0329,44.8571
SYN,-93.0145,44.4736
SAZ,-94.8066,46.3809
STC,-94.0513,45.5433
JYG,-94.5579,43.9863
STP,-93.06,44.9345
21D,-92.8557,44.9975
TVF,-96.185,48.0657
P61,-90.8231,47.588
TKC,-95.6072,44.2491
TWM,-91.745,47.0492
ADC,-95.211,46.4503
Y49,-94.6453,47.1595
RRT,-95.3483,48.9414
ACQ,-93.5529,44.0735
VWU,-94.5167,48.1539
ETH,-96.5435,45.7805
BDH,-95.1304,45.1177
ILL,-95.0888,45.1157
MWM,-95.1094,43.9134
ONA,-91.7083,44.0772
OTG,-95.5792,43.6551
VER,-92.6827,38.9467
BBG,-93.2005,36.5321
FWB,-93.4022,36.6985
OZS,-92.6912,37.974
H21,-92.6912,37.974
EZZ,-94.2764,39.7276
CGI,-89.5708,37.2253
CDJ,-93.5792,39.8233
GLY,-93.6842,38.3566
COU,-92.2183,38.8169
FAM,-90.4286,37.761
TBN,-92.1407,37.7416
GVW,-94.5603,38.8439
HAE,-91.4439,39.7252
LRY,-94.3421,38.611
JEF,-92.1561,38.5912
JLN,-94.4952,37.1522
AIZ,-92.5495,38.096
MKC,-94.593,39.123
MCI,-94.7139,39.2976
TKX,-90.0366,36.2259
IRK,-92.5433,40.0972
LBO,-92.6524,37.6483
LXT,-94.3714,38.9597
MAW,-89.9922,36.6005
MHL,-93.2028,39.0955
EVU,-94.915,40.3525
MYJ,-91.8183,39.1575
MBY,-92.4244,39.464
HFJ,-94.0128,36.9062
GPH,-94.3096,39.3325
K02,-89.8621,37.8687
PCD,-89.8651,37.8667
POF,-90.3249,36.7739
DMO,-93.1759,38.7074
SIK,-89.5577,36.9027
SGF,-93.3897,37.2397
SET,-90.43,38.93
STJ,-94.9097,39.7719
STL,-90.3734,38.7524
SUS,-90.6558,38.6572
VIH,-91.77,38.13
RCM,-93.8029,38.7842
RAW,-93.3454,38.3469
FYG,-90.9938,38.5876
UNO,-91.9027,36.8784
SZL,-93.548,38.7303
M40,-88.4897,33.8738
PMU,-89.8929,34.3635
HSA,-89.4546,30.3678
01M,-88.2011,34.4917
1R7,-90.4093,31.6058
CKM,-90.5123,34.2997
RNV,-90.7579,33.7611
0R0,-89.8128,31.297
CBM,-88.4438,33.6438
CRX,-88.6035,34.915
GTR,-88.5914,33.4503
GLH,-90.9856,33.4829
GWO,-90.0847,33.4943
GNF,-89.7982,33.8325
GPT,-89.0701,30.4073
HBG,-89.2529,31.2649
IDL,-90.6789,33.4857
MYT,-89.615,28.2206
15M,-88.1659,34.7723
HKS,-90.2225,32.3348
JAN,-90.08,32.32
BIX,-88.9244,30.4104
LUL,-89.1728,31.673
MBO,-90.1014,32.4384
MIS,-88.842,29.296
MCB,-90.47,31.18
MEI,-88.7511,32.3348
NMM,-88.5556,32.5521
NJW,-88.8317,32.7962
IKT,-88.2889,28.5208
HEZ,-91.2973,31.6137
OLV,-89.7869,34.9788
UOX,-89.5368,34.3843
PQL,-88.5319,30.4636
MJD,-89.6512,30.4875
PIB,-89.3371,31.4671
M16,-90.4105,32.3045
JVW,-90.4105,32.3045
STF,-88.8486,33.4331
UTA,-90.3467,34.6811
TUP,-88.7711,34.2608
VKS,-90.9282,32.2391
DLP,-89.5472,29.1214
5A6,-89.7302,33.465
ASJ,-77.17,36.3
VUJ,-80.1508,35.4167
RHP,-83.863,35.1952
HBI,-79.8948,35.6545
GEV,-81.42,36.43
AVL,-82.5375,35.4319
NJM,-77.0294,34.694
BUY,-79.4749,36.0485
CLT,-80.9543,35.2226
NKT,-76.88,34.9
CTZ,-78.3644,34.9756
CPC,-78.7146,34.2753
JQF,-80.7091,35.3878
ONX,-76.0154,36.3999
2DP,-75.9,35.6667
EDE,-76.5671,36.0277
ECG,-76.1716,36.2577
EYF,-78.58,34.6
7W6,-75.9552,35.5624
HRJ,-78.7336,35.3786
FAY,-78.8803,34.9912
FBG,-78.9367,35.1318
1A5,-83.42,35.22
AKH,-81.1558,35.1967
GWW,-77.9649,35.4606
GSO,-79.9436,36.0975
HSE,-75.6225,35.2322
HNZ,-78.53,36.36
HKY,-81.3896,35.7412
OAJ,-77.6121,34.8292
NR02,-79.9956,35.2378
DPL,-77.98,35.0
FFA,-75.67,36.02
ISO,-77.61,35.33
MEB,-79.3658,34.7919
EXX,-80.3038,35.7811
IPJ,-81.1612,35.4833
LHZ,-78.3303,36.0233
LBT,-79.06,34.61
HFF,-79.4974,35.0367
MQI,-75.6955,35.919
EQY,-80.6206,35.0169
MRN,-81.61,35.82
MWK,-80.55,36.46
EWN,-77.0472,35.0675
NCA,-77.4397,34.7084
UKF,-81.0983,36.2228
NBT,-76.4625,35.0222
PGV,-77.3853,35.6352
POB,-79.0145,35.1709
RDU,-78.7819,35.8922
SIF,-79.851,36.4372
IXA,-77.6352,36.3298
RZZ,-77.71,36.44
RCZ,-79.76,34.89
RWI,-77.8919,35.8562
RUQ,-80.5203,35.6459
TDF,-78.9842,36.2849
FQD,-81.9351,35.4282
TTA,-79.1,35.58
GSB,-77.9606,35.3394
EHO,-81.6011,35.2556
SCR,-79.5043,35.7043
5W8,-79.504,35.7045
JNX,-78.3903,35.5409
MRH,-76.6606,34.7336
SOP,-79.3911,35.2372
SUT,-78.0747,33.9292
SVH,-80.9539,35.765
24A,-83.2071,35.3159
ETC,-77.5465,35.9373
AFP,-80.0771,35.0206
OCW,-77.05,35.57
TNB,-81.65,36.2
IGX,-79.0642,35.9333
ILM,-77.9,34.27
INT,-80.222,36.1337
20U,-103.9821,46.9252
BIS,-100.7458,46.7727
BWW,-103.3007,46.1655
BPP,-103.4281,46.187
9D7,-99.2364,48.48
46D,-99.1513,47.4511
2C8,-97.632,48.7837
D50,-103.2973,48.9285
DVL,-98.9083,48.1146
DIK,-102.8019,46.7973
FAR,-96.8111,46.9253
N60,-101.4394,47.6458
D57,-101.8602,46.8128
GAF,-97.3709,48.4047
GFK,-97.1761,47.9492
RDR,-97.4012,47.9611
GWR,-97.6435,46.2187
5H4,-99.9318,47.7912
HZE,-101.581,47.2899
HEI,-102.656,46.0149
JMS,-98.68,46.93
D55,-98.3937,48.7531
P67,-97.15,46.1
7L2,-100.2456,46.2206
Y19,-100.8944,46.768
MIB,-101.358,48.4158
MOT,-101.2803,48.2594
2D5,-98.0799,46.1731
S32,-98.1059,47.4228
06D,-99.6208,48.8844
RUG,-100.0243,48.3904
08D,-102.4064,48.3008
D60,-102.8974,48.3803
BAC,-98.018,46.9412
BWP,-96.6074,46.2441
96D,-97.9028,48.9406
S25,-103.2552,47.7966
ISN,-103.6366,48.1738
XWA,-103.7505,48.2597
ANW,-99.993,42.5792
BVN,-98.0558,41.7286
AIA,-102.8,42.0572
AUH,-97.9946,40.8941
BIE,-96.7541,40.3013
BTA,-96.109,41.4148
BBW,-99.6385,41.4366
CDR,-103.0954,42.8376
OLU,-97.3426,41.448
CZD,-100.0042,40.8696
FNB,-95.592,40.0788
FET,-96.52,41.45
GRN,-102.1753,42.806
GRI,-98.3096,40.9675
1HW,-102.8289,41.3251
1CW,-103.6706,41.59
HSI,-98.4279,40.6052
HJH,-97.587,40.1522
HDE,-99.3365,40.4521
IML,-101.6202,40.5103
EAR,-99.0068,40.727
IBM,-103.6774,41.1881
LXN,-99.7759,40.7904
LNK,-96.7647,40.8478
1BW,-103.995,41.5118
MCK,-100.5921,40.2063
MLE,-96.112,41.196
AFK,-95.8657,40.6069
OFK,-97.4351,41.9855
LBF,-100.669,41.1219
OFF,-95.9125,41.1183
OGA,-101.7697,41.1195
OMA,-95.8992,41.3103
ONL,-98.6881,42.4697
ODX,-98.9517,41.6236
PMV,-95.9179,40.9502
BFF,-103.5956,41.874
SNY,-102.9847,41.1014
TQE,-96.1779,41.7635
TIF,-100.569,41.9622
VTN,-100.5489,42.8567
AHQ,-96.5946,41.2406
LCG,-96.9814,42.2419
JYR,-97.6228,40.8968
BML,-71.1786,44.5761
CON,-71.5011,43.1953
AFN,-72.003,42.8051
EEN,-72.27,42.9
LCI,-71.4215,43.5735
LEB,-72.3042,43.6261
MHT,-71.4358,42.9328
MWN,-71.3035,44.2708
ASH,-71.5148,42.7818
PSM,-70.8233,43.0779
1P1,-71.7537,43.7792
DAW,-70.92,43.28
HIE,-71.5522,44.3659
12N,-74.7367,41.0089
ACY,-74.5772,39.4576
BLM,-74.13,40.18
CDW,-74.2831,40.8764
NEL,-74.3536,40.0334
LDJ,-74.2446,40.6174
WRI,-74.5917,40.0156
MIV,-75.0783,39.3661
MMU,-74.4149,40.7994
EWR,-74.1693,40.6827
SMQ,-74.6694,40.6239
VAY,-74.8457,39.9429
FWN,-74.623,41.2002
TEB,-74.0562,40.859
MJX,-74.2924,39.9275
TTN,-74.8159,40.2768
WWD,-74.9083,39.0085
ALB,-73.8036,42.7576
GVQ,-78.1675,43.0317
BGM,-75.9797,42.2086
HWV,-72.8689,40.8217
BUF,-78.7358,42.9408
IUA,-77.3252,42.9089
N03,-76.2174,42.5929
DSV,-77.713,42.5709
DKK,-79.272,42.4933
JPX,-72.2517,40.9594
HTO,-72.25,40.96
ELM,-76.8994,42.1571
FRG,-73.4134,40.7288
GTB,-75.7195,44.0556
GFL,-73.6103,43.3412
RME,-75.3953,43.2239
VGC,-75.5612,42.8434
ISP,-73.1017,40.7939
ITH,-76.4584,42.491
JHW,-79.258,42.1534
NY0,-74.3296,42.9982
JRB,-74.009,40.7012
MSS,-74.8456,44.9358
MTP,-71.9233,41.0731
MSV,-74.795,41.7016
SWF,-74.1048,41.5041
NYC,-73.9692,40.779
JFK,-73.7622,40.6386
LGA,-73.8803,40.7794
IAG,-78.9462,43.1073
OIC,-75.5241,42.5666
OGS,-75.4655,44.6819
OLE,-78.3714,42.2412
MGJ,-74.265,41.5092
FZY,-76.3831,43.3504
PEO,-77.0529,42.6371
PBG,-73.4624,44.6382
PLB,-73.5245,44.6875
PTD,-74.9469,44.6757
POU,-73.8842,41.6266
ROC,-77.6767,43.1167
SLK,-74.2062,44.3853
SCH,-73.93,42.85
6B9,-76.4408,42.914
XNT,-78.6581,42.5084
SYR,-76.1063,43.1112
UCA,-75.3839,43.1451
ART,-76.0262,43.9888
ELZ,-77.99,42.11
FOK,-72.6318,40.8436
HPN,-73.7075,41.0669
SDC,-77.1195,43.2346
AKR,-81.4669,41.0375
CAK,-81.4422,40.9161
UNI,-82.2293,39.2119
HZY,-80.6955,41.778
I69,-84.2102,39.0784
EDJ,-83.8192,40.3723
TZR,-83.1369,39.9012
CDI,-81.5776,39.975
RZT,-83.0231,39.4404
LUK,-84.4186,39.1033
CLE,-81.8528,41.405
BKL,-81.6833,41.5175
CGF,-81.4864,41.5651
CMH,-82.8808,39.9914
OSU,-83.08,40.08
MGY,-84.2249,39.589
DAY,-84.2186,39.9061
I19,-83.992,39.691
DFI,-84.4288,41.3375
DLZ,-83.1148,40.2797
FDY,-83.6686,41.0136
HAO,-84.5219,39.3638
I67,-84.7743,39.2589
I43,-82.5778,38.9814
LHQ,-82.6571,39.7556
I68,-84.2532,39.4664
AOH,-84.0267,40.7069
UYF,-83.462,39.9327
LPR,-82.1794,41.3461
MFD,-82.52,40.82
MNN,-83.0635,40.6162
MRT,-83.3516,40.2247
MWO,-84.3953,39.531
4I3,-82.5261,40.3289
VTA,-82.4618,40.0247
PHD,-81.4236,40.4719
OWX,-83.982,41.0356
OXD,-84.7844,39.5022
PCW,-82.8687,41.5163
PMH,-82.8473,38.8405
29G,-81.2516,41.2102
POV,-81.2516,41.2102
LCK,-82.9278,39.8138
SGH,-83.8402,39.8403
TDZ,-83.4764,41.5631
TOL,-83.8014,41.5886
I74,-83.7534,40.1326
VNW,-84.613,40.8633
VES,-84.5319,40.2044
AXV,-84.2989,40.4934
I23,-83.4205,39.5704
USE,-84.1272,41.6101
LNN,-81.3898,41.684
ILN,-83.8217,39.4203
BJJ,-81.8882,40.8748
FFO,-84.0483,39.8261
YNG,-80.6739,41.2544
ZZV,-81.8921,39.9444
ADH,-96.6712,34.8043
AXS,-99.3385,34.6988
LTS,-99.2667,34.6671
AVK,-98.67,36.7732
1F0,-97.1226,34.147
ADM,-97.0195,34.3032
AQR,-96.15,34.4
BVO,-96.0112,36.7625
BKN,-97.3496,36.7451
CQB,-96.8203,35.7238
CHK,-97.9677,35.0974
GCM,-95.48,36.29
CLK,-98.9327,35.5383
CSM,-99.2005,35.3398
CUH,-96.7731,35.9499
DUA,-96.3945,33.9423
ELK,-99.3943,35.4308
RQO,-98.0058,35.4727
WDG,-97.7911,36.3792
FSI,-98.4033,34.6449
FDR,-98.9839,34.3521
GAG,-99.7764,36.2955
GMJ,-94.7386,36.6068
GOK,-97.4156,35.8498
GUY,-101.5053,36.6817
DUC,-97.96,34.47
HBR,-99.0514,34.9913
HHW,-95.5419,34.0348
4O4,-94.8594,33.9094
LAW,-98.4166,34.5677
MLC,-95.7831,34.8822
MIO,-94.8875,36.9092
MKO,-95.3614,35.6567
OUN,-97.4708,35.2435
RCE,-97.8236,35.4881
OKC,-97.6006,35.3889
HSD,-97.7092,35.6019
PWA,-97.6471,35.5342
OKM,-95.95,35.67
PVJ,-97.2231,34.7108
PNC,-97.1,36.73
H71,-95.3301,36.2254
RKR,-94.62,35.02
JSV,-94.8028,35.4381
OWP,-96.1518,36.1753
SRE,-96.6752,35.2747
SNL,-96.9428,35.3573
GZL,-95.0939,35.2891
SWO,-97.0857,36.1612
TQH,-95.0,35.93
TIK,-97.3866,35.4147
TUL,-95.8881,36.1984
RVS,-95.9846,36.0396
END,-97.9165,36.3392
JWG,-98.4208,35.8647
OJA,-98.6685,35.5448
WWR,-99.5227,36.438
XLL,-75.4883,40.5703
JVU,-75.4883,40.5703
ABE,-75.4492,40.6508
AOO,-78.32,40.2964
BVI,-80.3914,40.7725
HMZ,-78.5122,40.0853
BFD,-78.6401,41.8031
BTP,-79.9497,40.7769
FIG,-78.4117,41.0467
MQS,-75.8655,39.979
VVS,-79.6575,39.9581
DYL,-75.1223,40.333
DUJ,-78.9,41.18
ERI,-80.18,42.08
RYT,-77.43,39.734
FKL,-79.8604,41.3779
CXY,-76.8515,40.2171
HZL,-75.9949,40.9868
IDI,-79.1055,40.6322
JST,-78.8339,40.3161
LNS,-76.2944,40.1203
LBE,-79.4048,40.2759
22N,-75.7615,40.8095
XIF,-77.43,39.729
GKJ,-80.2147,41.6265
MDT,-76.7633,40.1936
MPO,-75.3794,41.1389
MUI,-76.5693,40.4348
UCP,-80.4134,41.0253
CKZ,-75.2905,40.3892
PHL,-75.2311,39.8683
PNE,-75.0134,40.0789
LOM,-75.2651,40.1376
PSB,-78.0873,40.8844
AGC,-79.9217,40.3547
PIT,-80.2329,40.4915
PTW,-75.5572,40.2383
UKT,-75.3819,40.4352
RDG,-75.9652,40.3785
RVL,-77.6268,40.6774
SEG,-76.8639,40.8206
2G9,-79.015,40.0389
UNV,-77.85,40.85
OYM,-78.5026,41.4125
THV,-76.873,39.917
AFJ,-80.2902,40.1365
N38,-77.3965,41.7279
OQN,-75.5803,39.9889
AVP,-75.7227,41.3335
IPT,-76.9217,41.2433
NXX,-75.15,40.2
PJC,-80.1624,40.8009
BID,-71.58,41.17
UUU,-71.2815,41.5324
OQU,-71.4121,41.5971
SFZ,-71.4914,41.9208
PVD,-71.4325,41.7219
WST,-71.7989,41.3497
AIK,-81.685,33.6494
AQX,-81.2703,32.9951
AND,-82.7094,34.4946
BNL,-81.3883,33.2578
ARW,-80.6344,32.4122
NBC,-80.7232,32.4774
BBP,-79.7344,34.6217
CDN,-80.5649,34.2836
CHS,-80.0405,32.8986
JZI,-80.0029,32.7009
CQW,-79.957,34.7129
DCM,-81.1958,34.7893
CEU,-82.8868,34.6719
CAE,-81.1181,33.9419
CUB,-80.9938,33.972
HYW,-79.1222,33.8285
UDG,-79.89,34.45
FLO,-79.7239,34.1854
GGE,-79.3196,33.3117
GYH,-82.3764,34.7583
GMU,-82.3461,34.8461
GSP,-82.2239,34.8847
GRD,-82.16,34.25
HVS,-80.1192,34.4031
HXD,-80.6975,32.2244
CKI,-79.857,33.7172
LKR,-80.8544,34.723
LUX,-81.9472,34.5071
MNI,-80.2087,33.5871
MAO,-79.3347,34.1812
MMT,-80.8,33.92
MKS,-80.0362,33.1855
LRO,-79.7829,32.8978
MYR,-78.93,33.68
EOE,-81.6397,34.3093
XNO,-81.0701,33.6117
CRE,-78.7239,33.8118
OGB,-80.8595,33.4568
LQK,-82.7029,34.81
UZA,-81.0572,34.9878
SSC,-80.47,33.97
SPA,-81.9565,34.9157
DYB,-80.2793,33.0634
SMS,-80.3613,33.995
35A,-81.6412,34.687
RBW,-80.6406,32.921
FDW,-81.1088,34.3155
ABR,-98.42,45.45
EFC,-103.862,44.7342
BRA,-96.85,44.6833
BTN,-97.7428,45.815
BKX,-96.8169,44.3048
2WX,-103.5464,45.6044
9V9,-99.3183,43.7667
CUT,-103.6114,43.7331
RCA,-103.1036,44.1451
D07,-102.02,45.03
HON,-98.2286,44.3852
Y22,-102.1667,45.9167
LEM,-102.1062,45.9187
MDS,-97.0859,44.016
MHE,-98.0386,43.7748
MBG,-100.4078,45.5464
PHP,-101.6,44.05
PIR,-100.286,44.3827
IEN,-102.511,43.0225
RAP,-103.0574,44.0453
FSD,-96.7536,43.5769
8D3,-96.9914,45.6689
SPF,-103.783,44.4803
ATY,-97.1547,44.914
SFD,-99.8421,43.3902
ICR,-99.8422,43.3903
YKN,-97.3859,42.9167
MMI,-84.5626,35.3973
M08,-89.0434,35.2145
TRI,-82.4074,36.4752
CHA,-85.2038,35.0353
CKV,-87.415,36.6219
RZR,-84.7998,35.2115
MRC,-87.1791,35.5544
M04,-89.5872,35.5834
CSV,-85.085,35.9513
2A0,-84.9322,35.4817
M02,-87.4298,36.1279
DYR,-89.4066,35.998
0A9,-82.1734,36.3712
UCY,-88.9857,36.3797
FYM,-86.564,35.0597
M33,-86.4088,36.3768
GCY,-82.811,36.196
HZD,-88.4654,36.089
JAU,-84.163,36.3341
MKL,-88.9167,35.5931
JWN,-86.8867,36.1824
DKX,-83.8737,35.9638
TYS,-83.9858,35.8181
2M2,-87.2579,35.2343
M54,-86.3157,36.1904
PVE,-88.1954,35.6564
LUG,-86.803,35.5136
8A3,-85.3116,36.4121
MNV,-84.3804,35.5452
RNC,-85.8438,35.6987
MEM,-89.985,35.0611
NQA,-89.8703,35.3567
MOR,-83.3754,36.1794
MBT,-86.3775,35.8775
BNA,-86.6892,36.1189
OQT,-84.2336,36.023
SCX,-84.5858,36.4557
PHT,-88.3844,36.3359
1M5,-86.4769,36.5929
GZS,-87.0568,35.1537
RKW,-84.6897,35.9223
SNH,-88.2167,35.1703
GKT,-83.5287,35.8578
SYI,-86.4425,35.5594
SZY,-88.4984,35.2029
MQY,-86.5201,36.009
FYE,-89.3929,35.2061
SRB,-85.5307,36.0559
M91,-86.9189,36.5363
XNX,-86.4084,36.3751
THA,-86.2467,35.38
BGF,-86.0662,35.1775
ABI,-99.6821,32.4106
GYF,-94.898,26.129
ALI,-98.0269,27.7409
E38,-103.684,30.384
AMA,-101.7059,35.2194
E11,-102.5295,32.3311
LBX,-95.4621,29.1086
GKY,-97.0943,32.6639
F44,-95.8284,32.1638
ATA,-94.1953,33.1018
EDC,-97.5621,30.3926
ATT,-97.7601,30.3208
AUS,-97.6699,30.1945
BSM,-97.6699,30.1945
BYY,-95.8634,28.9732
BMT,-94.2151,30.0702
BPT,-94.0261,29.9521
BEA,-97.791,28.3619
E41,-101.4725,31.1989
BPG,-101.5216,32.2126
F00,-96.1793,33.6131
VAF,-94.6253,27.3536
BGD,-101.3937,35.7009
0F2,-97.7756,33.6017
BBD,-99.3239,31.1793
CFD,-96.3314,30.7157
BBF,-96.014,27.833
BQX,-95.7244,28.4936
BKD,-98.891,32.719
11R,-96.3742,30.2189
XBP,-97.8284,33.1753
BRO,-97.4231,25.9146
BWD,-98.9565,31.7936
BMQ,-98.2386,30.7389
RWV,-96.7041,30.5155
T35,-96.9711,30.8794
HHF,-100.404,35.895
CZT,-99.8236,28.5222
FTN,-100.0188,28.2086
4F2,-94.2988,32.176
T89,-98.8509,29.3419
CVB,-98.8509,29.3419
F17,-94.1564,31.8316
CDS,-100.2881,34.4339
GZN,-99.0237,32.3658
LBR,-95.0636,33.5932
CPT,-97.4338,32.3538
6R3,-95.008,30.3564
COM,-99.4036,31.8411
CLL,-96.3639,30.5881
66R,-96.5158,29.6411
MKN,-98.6,31.92
CXO,-95.4145,30.3524
NGW,-97.4388,27.7024
CRP,-97.5128,27.7731
NGP,-97.2911,27.6926
CRS,-96.4,32.03
COT,-99.2183,28.4567
DKR,-95.4038,31.307
DHT,-102.5473,36.0226
ADS,-96.8364,32.9686
DFW,-97.038,32.8968
DAL,-96.8518,32.8471
RBD,-96.87,32.68
LUD,-97.5805,33.2542
DRT,-100.9272,29.3742
DTO,-97.2006,33.205
FWS,-97.3033,32.573
6R6,-102.2129,30.046
DUX,-102.013,35.858
DYS,-99.855,32.421
ELA,-96.3219,29.6006
EMK,-94.3228,27.8186
ETN,-98.8098,32.4135
EBG,-98.1222,26.4417
ELP,-106.3758,31.8111
BKS,-98.1211,27.2067
BIF,-106.38,31.8495
GRK,-97.83,31.07
FST,-102.9167,30.9119
AFW,-97.3179,32.9716
FTW,-97.3624,32.8198
NFW,-97.4365,32.781
T82,-98.9092,30.2432
HLR,-97.7145,31.1387
GLE,-97.1969,33.6514
GVX,-94.9767,28.5767
GLS,-94.8604,29.2653
GOP,-97.797,31.4213
GTU,-97.6767,30.6808
8T6,-98.1165,28.3628
GYB,-96.98,30.17
JXI,-94.95,32.7
T20,-97.4614,29.528
RPH,-98.555,33.11
GDJ,-97.8169,32.4444
GPM,-97.0469,32.6988
GVT,-96.0653,33.0678
GDP,-104.8098,31.8331
GUL,-93.5383,27.3039
MNZ,-98.1486,31.6659
HRL,-97.6544,26.2285
LHB,-96.62,30.87
HBV,-98.7369,27.3496
RFI,-94.8517,32.1417
F12,-94.8517,32.1417
HRX,-102.3264,34.8578
HQI,-93.6708,27.962
INJ,-97.0972,32.0836
HDO,-99.1742,29.3594
HHV,-94.6886,26.9392
DZB,-98.3588,30.5271
MCJ,-95.395,29.714
DWH,-95.5562,30.068
EFD,-95.1588,29.6073
TME,-95.8979,29.805
SGR,-95.6565,29.6222
IAH,-95.3414,29.9844
AXH,-95.4769,29.5061
HOU,-95.2824,29.6375
UTS,-95.5872,30.7469
TFP,-97.2115,27.913
JSO,-95.22,31.87
JAS,-94.0349,30.8857
JCT,-99.7664,30.5108
SKF,-98.5811,29.3842
2R9,-97.8656,28.825
ERV,-99.0855,29.9767
CWC,-98.4904,33.8578
ILE,-97.6865,31.0858
IKG,-98.0309,27.5509
NQI,-97.8097,27.5072
RYW,-97.9659,30.4967
3T5,-96.95,29.91
2F5,-101.9018,32.7479
LUV,-101.9202,32.7563
LZZ,-98.1959,31.1062
LNC,-96.719,32.5792
LRD,-99.4615,27.5438
T70,-100.481,29.126
DLF,-100.778,29.3595
LLN,-102.3725,33.5525
T78,-94.6986,30.0778
AQO,-98.6619,30.7836
GGG,-94.7115,32.384
LBB,-101.8228,33.6636
LFK,-94.75,31.234
MRF,-104.02,30.37
ASL,-94.3078,32.5205
5T9,-100.5135,28.8571
MFE,-98.2386,26.1758
PWG,-97.3165,31.4849
TKI,-96.59,33.18
NMT,-98.7242,28.2361
HQZ,-96.5304,32.747
LXY,-96.5145,31.6412
MDD,-102.101,32.0365
MAF,-102.2075,31.9466
JWY,-96.9125,32.4561
JDD,-95.4965,32.7422
MWL,-98.0602,32.7816
OSA,-94.9614,33.0956
MIU,-96.7367,27.2917
MZG,-96.1911,27.7269
OCH,-94.7094,31.5778
BAZ,-98.045,29.709
OPM,-96.94,26.8328
ODO,-102.3867,31.9206
ORG,-93.8036,30.0692
NOG,-98.0517,27.9011
OZA,-101.203,30.7353
PSX,-96.25,28.73
PSN,-95.7063,31.7797
BPC,-101.0301,35.8893
PPA,-100.9962,35.613
PRX,-95.4508,33.6366
LVJ,-95.2417,29.5189
PEQ,-103.51,31.38
PYX,-100.75,36.414
25T,-94.68,26.93
PVW,-101.7173,34.1682
PEZ,-98.52,28.9542
RAS,-97.09,27.81
PIL,-97.3378,26.1597
PKV,-96.681,28.654
T77,-104.3616,29.6341
PRS,-104.3615,29.6342
RND,-98.28,29.53
6P9,-98.5948,32.4317
RBO,-97.6905,27.7785
RKP,-97.0464,28.0836
ECU,-100.1738,29.9469
F46,-96.4355,32.9306
RPE,-93.95,29.7
SJT,-100.495,31.3517
5C1,-98.6946,29.7239
SAT,-98.4698,29.5337
SSF,-98.471,29.337
HYI,-97.863,29.8928
81R,-98.717,31.2352
SEQ,-97.9083,29.5658
GNC,-102.6527,32.6753
SHP,-98.4833,33.9667
F39,-96.6667,33.7167
GYI,-96.6737,33.7141
T69,-97.5425,28.0386
SNK,-100.9505,32.6934
SOA,-100.6486,30.5857
SPL,-97.1572,26.0706
E42,-101.1945,36.221
SEP,-98.1777,32.2153
SLR,-95.62,33.16
SWW,-100.4666,32.4674
T74,-97.4432,30.5726
TPL,-97.4078,31.1525
TRL,-96.27,32.71
TYR,-95.4024,32.3541
UVA,-99.7436,29.2113
VHN,-104.7838,31.0578
F05,-99.2838,34.2257
VCT,-96.9303,28.8614
CNW,-97.0741,31.6378
ACT,-97.2283,31.618
TXW,-97.9731,26.1775
T65,-97.9731,26.1776
CRH,-93.3016,28.9086
ARM,-96.1544,29.2543
SPS,-98.4928,33.9786
INK,-103.2,31.78
APY,-99.2489,26.9688
VKY,-88.441,29.248
VJI,-82.0333,36.6871
BKT,-77.9575,37.0742
VBW,-78.9603,38.3667
0V4,-79.0164,37.1417
7W4,-77.7459,37.9658
CHO,-78.4529,38.1386
CXE,-78.5016,36.7883
CPK,-76.3207,36.6656
FCI,-77.5248,37.4064
W63,-78.5601,36.5958
W81,-78.0983,37.181
CJR,-77.8589,38.5267
DAN,-79.3361,36.5729
PSK,-80.6785,37.1374
EMV,-77.4828,36.6869
FVX,-78.4378,37.3575
NFE,-76.1356,36.695
DAA,-77.181,38.715
FAF,-76.6088,37.1325
FKN,-76.9038,36.6981
FRR,-78.2535,38.9175
GVE,-78.1658,38.156
HLX,-80.8236,36.7661
HSP,-79.8339,37.9514
0VG,-83.2178,36.6541
W31,-78.185,36.9601
LFI,-76.3605,37.0828
LVL,-77.7943,36.7728
JYO,-77.5575,39.078
LKU,-77.97,38.01
W45,-78.5006,38.6671
LUA,-78.5006,38.6671
LYH,-79.2067,37.3208
HEF,-77.5154,38.7214
MKJ,-81.3499,36.8949
MTV,-80.0133,36.6272
MFV,-75.7611,37.6469
8W2,-78.7081,38.6557
PHF,-76.493,37.1319
PVG,-76.4488,36.7801
ORF,-76.1922,36.9033
NGU,-76.2893,36.9375
NTU,-76.0335,36.8207
OMH,-78.0456,38.2472
PTB,-77.5074,37.1838
NYG,-77.3053,38.5017
W96,-77.1255,37.5032
JFZ,-81.7983,37.0638
6V3,-81.7981,37.0636
OFP,-77.4366,37.7089
RIC,-77.3234,37.5115
ROA,-79.9737,37.3172
W75,-76.4467,37.6024
EZF,-77.4494,38.2662
W78,-78.848,36.71
AVC,-78.0545,36.6883
RMN,-77.4555,38.3981
SHD,-78.8964,38.2638
SFQ,-76.6019,36.6824
TGI,-75.9978,37.8251
XSA,-76.8941,37.8596
BCB,-80.4078,37.2076
AKQ,-77.0072,36.9839
WAL,-75.4631,37.9406
HWY,-77.7106,38.5863
IAD,-77.4473,38.9348
DCA,-77.0346,38.8472
W13,-78.9444,38.0769
FYJ,-76.7647,37.5211
JGG,-76.7161,37.2392
OKV,-78.1444,39.1435
LNP,-82.53,36.9875
MPV,-72.5623,44.2035
DDH,-73.2486,42.8935
BTV,-73.15,44.47
FSO,-73.0975,44.9403
CDA,-72.018,44.5691
6B0,-73.0955,43.9855
MVL,-72.614,44.5346
EFK,-72.2292,44.8888
RUT,-72.95,43.53
VSF,-72.5173,43.3436
1V4,-72.02,44.42
AIG,-89.1107,45.1542
ATW,-88.5191,44.2581
ASX,-90.9189,46.5487
GRB,-88.1367,44.4794
BCK,-90.8553,44.2507
OVS,-90.6775,43.1561
BUU,-88.3046,42.6907
Y23,-91.6381,45.3106
CLI,-88.7314,44.6139
UBE,-91.9811,45.506
DLL,-89.771,43.522
EGV,-89.2683,45.9323
57C,-88.3726,42.7972
EAU,-91.4843,44.8658
3D2,-87.1881,45.1357
FLD,-88.4884,43.7712
HYR,-91.4442,46.0253
JVL,-89.0416,42.6202
UNU,-88.7038,43.4265
ENW,-87.9381,42.595
LSE,-91.25,43.88
RCX,-91.0005,45.4968
LNL,-89.2121,46.154
4R5,-90.7587,46.7887
82C,-90.1377,43.8387
LNR,-90.1798,43.2119
MSN,-89.3453,43.1406
MTW,-87.6806,44.1288
D25,-89.8822,46.1202
MFI,-90.1893,44.6369
MDZ,-90.3033,45.1008
LUM,-91.8678,44.8923
RRL,-89.7129,45.1989
C29,-89.5315,43.1143
MKE,-87.8967,42.9472
MWC,-88.0344,43.1104
MRJ,-90.2362,42.8868
ARV,-89.7309,45.9279
EFT,-89.5904,42.6149
CWA,-89.6668,44.7776
RNH,-92.5381,45.1483
OCQ,-87.9096,44.8742
OEO,-92.69,45.3086
OSH,-88.557,43.9844
PBH,-90.4025,45.7089
PVB,-90.4444,42.6894
PDC,-91.1237,43.0193
RAC,-87.8136,42.7611
C35,-89.9832,43.5259
RHI,-89.4675,45.6312
RPD,-91.7733,45.4201
EZS,-88.56,44.7873
SBM,-87.8517,43.7698
RZN,-92.3725,45.8227
OLG,-91.8164,46.3148
CMY,-90.7379,43.9584
STE,-89.5303,44.5451
SUE,-87.4216,44.8437
SUW,-92.0947,46.6897
TKV,-89.8057,45.469
Y51,-90.8965,43.5794
VOK,-90.2532,43.9392
2P2,-86.924,45.3883
RYV,-88.7232,43.1696
UES,-88.2371,43.041
PCZ,-89.0198,44.3333
AUW,-89.6266,44.9262
Y50,-89.3045,44.0416
ETB,-88.1279,43.4222
ISW,-89.8369,44.3592
BKW,-81.1242,37.7873
BLF,-81.2077,37.2958
W22,-80.2737,39.0005
CRW,-81.59,38.3794
CKB,-80.2281,39.2966
EKN,-79.8528,38.8853
W99,-79.1459,38.9949
HTS,-82.555,38.365
LWB,-80.3995,37.8583
6L4,-81.9159,37.8557
MRB,-77.9847,39.4019
MGW,-79.9163,39.6429
PKB,-81.4392,39.3451
I16,-81.56,37.6
3I2,-82.0986,38.9146
48I,-80.6518,38.687
HLG,-80.6463,40.175
CYKO,-78.15,60.8167
CWZS,-67.4347,48.4719
CYLA,-69.5997,59.2967
CYBG,-70.9869,48.3339
CYBC,-68.2044,49.1325
CWBA,-79.1011,46.7097
CWHV,-70.785,46.205
CXBO,-71.1972,46.8369
CYBX,-57.1853,51.4436
CWKD,-71.0131,50.7289
CWSG,-66.6544,49.1092
CWRZ,-64.3169,48.4194
CWSF,-65.3247,49.2508
CWTN,-70.7808,47.0786
CWEE,-73.3556,49.2786
CYMT,-74.5281,49.7719
CYML,-70.2239,47.5975
CWIS,-70.6375,47.2842
CWDM,-59.6394,50.465
CWDT,-71.1683,49.8403
CWHQ,-71.9717,46.6907
CYNC,-78.8311,53.0106
CZEM,-78.5225,52.2264
CMFM,-71.1483,47.3228
CWFQ,-72.8617,45.0503
CYGP,-64.4781,48.7769
CYND,-75.5636,45.5217
CMGB,-72.7739,45.3728
CYGV,-63.6114,50.2819
CWHP,-61.7006,49.0853
CXHF,-75.6481,45.8394
CWIG,-70.5331,47.0736
CWQR,-64.2072,50.2208
CWQO,-68.8928,48.4156
CWER,-70.8083,46.9967
CWAF,-69.5556,48.0689
CYGR,-61.7781,47.4247
CWGR,-61.8,47.42
CYPH,-78.0769,58.4719
CYIK,-77.9253,62.4173
CWJO,-71.1426,48.425
CYLU,-65.9928,58.7114
CYKG,-71.9295,61.5885
CYAS,-69.9992,60.0272
CYVP,-68.4269,58.0961
CYGW,-77.7653,55.2819
CWUX,-70.9194,48.2981
CWIZ,-73.3494,45.2939
CWTT,-72.1667,45.2667
CWBS,-72.9167,46.1833
CYAD,-76.1963,53.5718
CYAH,-73.6753,53.7547
CYGL,-77.7042,53.6253
CWST,-70.0319,47.3558
CWEW,-73.4347,45.8095
CWDQ,-72.7875,47.4111
CWQH,-71.8236,45.3689
CWBT,-64.2264,50.2714
CWMJ,-75.9919,46.2747
CYNM,-77.8028,49.7617
CWTA,-73.5793,45.5049
CWIX,-71.7158,48.5983
CYYY,-68.2081,48.6086
CYMX,-74.0387,45.6795
CYHU,-73.4167,45.5167
CYNA,-61.7889,50.19
CYHH,-76.1167,51.7
CWOC,-65.3317,48.0119
CWNQ,-72.6572,46.2258
CWOD,-72.5465,48.8419
CWXC,-71.0317,48.8942
CWPD,-71.2289,47.5622
CWPK,-74.6242,47.9222
CYUL,-73.7414,45.4683
CWQV,-70.1144,48.2603
CWTG,-67.3811,49.3167
CWIP,-66.4339,50.1625
CWBY,-64.2933,49.8386
CYPX,-77.2869,60.0506
CYHA,-69.6177,61.046
CYQB,-71.3933,46.7911
CWNH,-69.5486,47.8058
CYRJ,-72.2656,48.52
CYUY,-78.8356,48.2061
CYZG,-75.6672,62.1794
CYKL,-66.8053,54.8053
CYZV,-66.2656,50.2233
CXZV,-66.25,50.2167
CXSH,-72.7333,46.5633
CYSC,-71.6914,45.4386
CWBZ,-74.2894,45.1208
CWVQ,-73.9292,45.4272
CWIT,-73.6789,45.1672
CWJB,-71.2875,46.7803
CWJT,-74.5558,46.0803
CYTQ,-69.9558,58.6678
CYRQ,-72.6794,46.3528
CWTY,-72.5161,46.3586
CYMU,-76.5182,56.5362
CYOY,-71.5033,46.9003
CYVO,-77.7867,48.0564
CWHM,-73.3767,45.7231
CYKQ,-78.7584,51.4733
CTNK,-78.2667,45.5333
CYYW,-88.9097,50.2903
CYAT,-82.4319,52.9275
CWRK,-77.8789,45.0714
CXBI,-79.5467,44.4845
CYTL,-89.8956,53.8156
CYBN,-79.9219,44.2704
CWWB,-79.7912,43.3002
CYKZ,-79.3667,43.8667
CXCA,-88.3447,49.1539
CWCI,-85.8333,47.3333
CYLD,-83.3467,47.82
CYCK,-82.0817,42.3062
CWNC,-78.1667,43.95
CWCO,-80.2167,44.5
CWWX,-81.7364,45.3271
CXDI,-80.5453,42.8636
CYHD,-92.7442,49.8317
CXEA,-93.2214,50.6306
CXET,-79.7833,44.2333
CYEL,-82.5614,46.3514
CZEL,-80.4116,43.6421
CWAJ,-81.9,42.25
CYER,-87.6761,56.0189
CYGQ,-86.9306,49.7828
CWGD,-81.7167,43.7667
CYZE,-82.5678,45.8853
CWNL,-82.95,45.6333
CWGH,-75.85,44.4167
CYHM,-79.934,43.172
CXHM,-79.9051,43.2865
CXHA,-82.896,42.033
CYYU,-82.4667,49.4167
CXKA,-82.4436,49.4064
CWKK,-88.3322,49.7131
CXKE,-75.6333,45.0
CYQK,-94.3653,49.7903
CWBE,-81.4833,45.9667
CYGK,-76.5969,44.2253
CXKI,-80.0,48.15
CWGL,-79.2167,44.5472
CYLH,-87.9341,52.1954
CYYZ,-79.6306,43.6772
CYXU,-81.1539,43.0356
CWPS,-80.05,42.5667
CYSP,-86.3444,48.7553
CTCK,-74.9628,45.2511
CYMO,-80.6141,51.2891
CXZC,-80.6181,51.2917
CWLS,-80.75,43.9833
CYQA,-79.3033,44.9747
CZMD,-91.7628,53.4414
CWNZ,-84.1636,49.7469
CYSN,-79.1717,43.1917
CYYB,-79.4228,46.3636
CYKP,-85.901,51.6587
CYOO,-78.8833,43.9228
CYOW,-75.6692,45.3225
CXPC,-80.0442,45.3442
CYPO,-85.4433,54.9881
CYWA,-77.3112,45.9476
CYPQ,-78.3633,44.23
CYPL,-90.2142,51.4464
CWQP,-77.15,43.8333
CWPC,-79.2531,42.8676
CWWZ,-79.2167,43.25
CWCJ,-86.2947,48.5883
CTRA,-93.7328,49.6642
CYRL,-93.7931,51.0669
CZSJ,-93.3444,53.0642
CYZR,-82.3073,42.9951
CYAM,-84.5094,46.4833
CYXL,-91.9053,50.1139
CWNB,-82.4667,41.8333
CYSB,-80.8016,46.6261
CXQT,-89.2167,48.4333
CYQT,-89.3239,48.3719
CZTB,-89.3272,48.3694
CYXR,-79.8489,47.695
CYTS,-81.3767,48.5697
CXTO,-79.4,43.6667
CYTZ,-79.395,43.6286
CYTR,-77.5281,44.1189
CWDV,-90.4667,49.0333
CXVN,-79.4,43.1833
CYKF,-80.3857,43.4616
CYXZ,-84.7867,47.9667
CWMZ,-80.3667,45.0333
CYVV,-81.1072,44.7458
CYQG,-82.9604,42.266
CZBF,-65.7483,47.6292
CZCR,-66.3342,47.99
CERM,-68.3244,47.4167
CYFC,-66.5278,45.8722
CYCX,-66.4367,45.8377
CYQM,-64.6878,46.1039
CWPE,-66.4667,45.0667
CYSJ,-65.8856,45.3181
CYSL,-67.8319,47.1578
CWIY,-67.8167,47.15
CWSS,-67.2528,45.2103
CWAR,-53.9933,47.2939
CWKW,-64.165,59.985
CWYK,-61.4756,57.1358
CWRA,-53.0764,46.66
CYCA,-57.0419,53.6828
CWCA,-57.035,53.7083
CZUM,-64.0939,53.5578
CYDF,-57.3975,49.2108
CWDA,-56.1128,50.7211
CWXI,-57.1,51.0167
CYQX,-54.5757,48.9457
CYYR,-60.4258,53.3192
CWHO,-60.2167,55.45
CWWU,-52.9803,47.5158
CYFT,-59.1875,55.0772
CYMH,-55.8325,52.3036
CYDP,-61.6803,56.5492
CXRH,-57.8778,49.57
CWZZ,-62.5856,58.3333
CWZN,-55.7947,47.3678
CXSW,-52.7833,47.5167
CYAY,-56.0856,51.3906
CYJT,-58.5639,48.5453
CYYT,-52.7428,47.6222
CXTP,-53.9744,48.5569
CWTU,-58.3578,54.7158
CWDO,-54.8,49.6833
CYWK,-66.8742,52.9272
CWBV,-62.3333,44.8167
CWVU,-66.3467,44.2858
CWBK,-62.6833,45.7667
CXCH,-60.9472,46.645
CZDB,-63.4667,45.4167
CWZQ,-61.05,46.55
CYZX,-64.912,44.9846
CYHZ,-63.5086,44.8808
CWRN,-60.9833,45.35
CXIB,-60.4,46.6667
CWKG,-65.2031,44.4322
CXKT,-64.4833,45.0667
CXLB,-64.2961,44.36
CXMY,-62.4833,44.9833
CXMI,-63.5333,44.6
CXNP,-64.2333,45.75
CXNM,-60.6722,46.8169
CYPD,-61.3681,45.6567
CWSA,-60.0094,43.9322
CYAW,-63.4994,44.6397
CWEF,-60.1444,47.2328
CYQY,-60.0478,46.1614
CXTD,-61.6797,45.6083
CWWE,-64.6642,43.99
CYQI,-66.0882,43.8308
CYYG,-63.1286,46.2886
CWEP,-61.9667,46.45
CAHR,-63.1697,46.3436
CWNE,-63.9986,47.0581
CZSP,-62.5758,46.4503
CWSD,-63.8381,46.4411
CYBV,-97.0183,52.3589
CWCF,-97.0219,52.3597
CYBR,-99.9519,49.91
CWNK,-98.0297,49.4981
CYYQ,-94.065,58.7392
CYDN,-100.0525,51.1008
CXDW,-98.3167,49.4
CYFO,-101.6817,54.6781
CWWS,-97.6164,52.8186
CYGX,-94.7106,56.3575
CWGX,-94.7,56.3667
CXGH,-96.9822,50.6311
CWJD,-99.2678,53.1864
CYIV,-94.6537,53.8571
CZKD,-96.5097,56.0375
CYYL,-101.0761,56.8639
CXMD,-98.0839,49.1878
CYNE,-97.8442,53.9583
CWPO,-98.905,49.1911
CYPG,-98.2739,49.9031
CWEQ,-101.2331,52.115
CYBQ,-98.5122,58.7061
CYQD,-101.0911,53.9714
CYTH,-97.8642,55.8011
CWII,-96.5622,50.6952
CYWG,-97.2333,49.9167
CXWN,-97.1296,49.8885
